﻿Designator,Footprint,Quantity,Value,LCSC Part #
C1,1206,1,10uF,
"C10, C31, C49",1210,3,2.2uF 100V,
"C12, C2, C3",1206,3,4.7uF 50V,
"C17, C18",CP_Radial_D16.0mm_P7.50mm,2,C_Polarized,
"C19, C21",1210,2,10uF 100V,
C20,C_Rect_L18.0mm_W7.0mm_P15.00mm_FKS3_FKP3,1,10uF,
C22,C_Rect_L18.0mm_W7.0mm_P15.00mm_FKS3_FKP3,1,1uF,
"C23, C24, C4, C41, C42, C5",1206,6,470pF,
"C27, C29, C44, C45, C7, C9",1206,6,3nF 100V,
"C34, C40, C48",1206,3,220nF 100V,
C55,CP_Radial_D6.3mm_P2.50mm,1,100uF-35V,
"C57, C63, C65",1206,3,10u 50V,
C58,CP_Radial_D6.3mm_P2.50mm,1,180uF-10V,
"C61, C67, C69",1206,3,100n 50V,
"D10, D11, D19, D20, D26, D27, D28, D29, D5, D6, D7, D8",D_SOD-123,12,D_Schottky,
"D12, D13, D9",D_MiniMELF,3,LL4148,
D16,SMA_L4.3-W2.6-LS5.2-RD,1,SS34_C8678,C8678
D2,D_SMC-RM10_Universal_Handsoldering,1,D_Schottky,
"D25, D3, D4",1206,3,LED,
J1,IDC-Header_2x15_P2.54mm_Vertical,1,Conn_02x15_Odd_Even,
J2,TerminalBlock_4Ucon_1x02_P3.50mm_Horizontal,1,12V_IN,
J3,PowerConn_01x05_P20,1,Screw_Terminal_01x05,
J4,CONN-TH_5P-P3.50_DORABO_DB125-3.5-5P-GN-S,1,Screw_Terminal_01x05,
L1,IND-SMD_L7.1-W6.6_H5.0,1,SMMS0650-680M,C2894721
"Q1, Q2, Q3, Q4, Q5, Q6",TO-220-3_Horizontal_TabUp,6,NMOS,
"R1, R10, R2, R21, R22, R31, R32, R45, R51, R54, R9",1206,11,10k,
"R13, R14, R15, R16, R25, R26, R27, R28, R35, R36, R37, R38",1206,12,Rsnub,
"R17, R18, R5, R6, R7, R8",1206,6,100,
"R19, R20, R29, R3, R30, R4",1206,6,RgSource,
"R46, R52, R55",1206,3,220,
R53,1206,1,1k,
"U1, U2, U3",SOP-8_L4.9-W3.9-P1.27-LS6.0-BL,3,EG2131_C5240691,C5240691
U4,SOIC-8_L5.0-W4.0-P1.27-LS6.0-BL,1,XL1509-5.0E1,C61063
U6,SOT-223-3_TabPin2,1,AMS1117-3.3,
